Series Name,Series Code,Country Name,Country Code,1990 [YR1990],2000 [YR2000],2008 [YR2008],2009 [YR2009],2010 [YR2010],2011 [YR2011],2012 [YR2012],2013 [YR2013],2014 [YR2014],2015 [YR2015],2016 [YR2016],2017 [YR2017]
"GNI per capita, PPP (current international $)",NY.GNP.PCAP.PP.CD,Afghanistan,AFG,..,..,1250,1490,1590,1680,1900,1940,1950,1940,1970,2000
"GNI per capita, PPP (current international $)",NY.GNP.PCAP.PP.CD,Albania,ALB,2720,4150,8270,8670,9540,10210,10450,10750,11360,11470,11750,12120
"GNI per capita, PPP (current international $)",NY.GNP.PCAP.PP.CD,Algeria,DZA,6390,7690,12070,12130,12580,12850,13160,13420,13900,14220,14870,15050
"GNI per capita, PPP (current international $)",NY.GNP.PCAP.PP.CD,American Samoa,ASM,..,..,..,..,..,..,..,..,..,..,..,..
"GNI per capita, PPP (current international $)",NY.GNP.PCAP.PP.CD,Andorra,AND,..,..,..,..,..,..,..,..,..,..,..,..
"GNI per capita, PPP (current international $)",NY.GNP.PCAP.PP.CD,Angola,AGO,1980,1860,4810,5200,5210,5360,5550,5900,6130,6250,6090,6060
"GNI per capita, PPP (current international $)",NY.GNP.PCAP.PP.CD,Antigua and Barbuda,ATG,9540,14180,22130,19430,18310,17960,18580,18980,20040,20970,22090,22980
"GNI per capita, PPP (current international $)",NY.GNP.PCAP.PP.CD,Argentina,ARG,6680,11500,17270,16110,17710,19070,19120,19730,19400,19630,19260,20270
"GNI per capita, PPP (current international $)",NY.GNP.PCAP.PP.CD,Armenia,ARM,2330,2380,7690,6590,6890,7270,7950,8490,8790,9090,9020,10060
"GNI per capita, PPP (current international $)",NY.GNP.PCAP.PP.CD,Aruba,ABW,..,..,..,..,..,..,..,..,..,..,..,..
"GNI per capita, PPP (current international $)",NY.GNP.PCAP.PP.CD,Australia,AUS,16720,25560,35880,38820,37750,40210,41430,44650,45520,45270,45110,45780
"GNI per capita, PPP (current international $)",NY.GNP.PCAP.PP.CD,Austria,AUT,19540,29120,41660,40900,42400,44600,46500,48050,48850,49520,50500,52660
"GNI per capita, PPP (current international $)",NY.GNP.PCAP.PP.CD,Azerbaijan,AZE,..,3340,12380,13800,14690,14680,15260,16320,17100,17100,16120,16650
"GNI per capita, PPP (current international $)",NY.GNP.PCAP.PP.CD,"Bahamas, The",BHS,18940,20130,23150,21760,21770,22030,29630,29600,29300,29650,28990,29790
"GNI per capita, PPP (current international $)",NY.GNP.PCAP.PP.CD,Bahrain,BHR,19010,34740,39100,35290,36080,35440,36510,38840,38350,44170,44010,42930
"GNI per capita, PPP (current international $)",NY.GNP.PCAP.PP.CD,Bangladesh,BGD,850,1340,2330,2440,2590,2770,2990,3170,3340,3550,3790,4040
"GNI per capita, PPP (current international $)",NY.GNP.PCAP.PP.CD,Barbados,BRB,9120,11980,15740,15230,15730,15410,16150,16270,16500,16710,17170,17830
"GNI per capita, PPP (current international $)",NY.GNP.PCAP.PP.CD,Belarus,BLR,5400,5970,14200,14220,15600,16820,17400,17620,18320,17550,17250,18140
"GNI per capita, PPP (current international $)",NY.GNP.PCAP.PP.CD,Belgium,BEL,18820,28690,39030,38050,41350,41660,43390,44240,44940,45330,46750,47960
"GNI per capita, PPP (current international $)",NY.GNP.PCAP.PP.CD,Belize,BLZ,3260,5160,6720,6950,6850,7340,7510,7540,7720,8190,8030,7890
"GNI per capita, PPP (current international $)",NY.GNP.PCAP.PP.CD,Benin,BEN,930,1310,1770,1760,1770,1820,1870,1990,2090,2110,2170,2260
"GNI per capita, PPP (current international $)",NY.GNP.PCAP.PP.CD,Bermuda,BMU,26490,..,74800,68450,68910,68110,67140,66670,..,..,..,..
"GNI per capita, PPP (current international $)",NY.GNP.PCAP.PP.CD,Bhutan,BTN,1410,2800,5230,5440,5940,6380,6600,6820,7230,7520,8160,8850
"GNI per capita, PPP (current international $)",NY.GNP.PCAP.PP.CD,Bolivia,BOL,2280,3400,4830,4910,5070,5330,5540,5910,6320,6720,7100,7330
"GNI per capita, PPP (current international $)",NY.GNP.PCAP.PP.CD,Bosnia and Herzegovina,BIH,..,5010,9340,9350,9470,9980,10260,10970,11250,11600,12190,12880
"GNI per capita, PPP (current international $)",NY.GNP.PCAP.PP.CD,Botswana,BWA,5100,7750,12320,11820,12500,13790,14550,15710,16410,16090,16690,16990
"GNI per capita, PPP (current international $)",NY.GNP.PCAP.PP.CD,Brazil,BRA,6510,8620,12620,12590,13830,14580,15070,15780,15880,15330,14880,15160
"GNI per capita, PPP (current international $)",NY.GNP.PCAP.PP.CD,British Virgin Islands,VGB,..,..,..,..,..,..,..,..,..,..,..,..
"GNI per capita, PPP (current international $)",NY.GNP.PCAP.PP.CD,Brunei Darussalam,BRN,54730,65030,78980,77340,78340,80220,81500,80920,80080,83440,83090,83760
"GNI per capita, PPP (current international $)",NY.GNP.PCAP.PP.CD,Bulgaria,BGR,4780,6220,13720,13880,14640,15180,15990,16270,17360,17750,19190,20500
"GNI per capita, PPP (current international $)",NY.GNP.PCAP.PP.CD,Burkina Faso,BFA,540,840,1340,1340,1360,1420,1520,1580,1600,1630,1730,1810
"GNI per capita, PPP (current international $)",NY.GNP.PCAP.PP.CD,Burundi,BDI,690,610,730,730,740,770,790,820,840,800,780,770
"GNI per capita, PPP (current international $)",NY.GNP.PCAP.PP.CD,Cabo Verde,CPV,1080,2960,5560,5480,5460,5760,5840,5960,5930,6070,6290,6570
"GNI per capita, PPP (current international $)",NY.GNP.PCAP.PP.CD,Cambodia,KHM,..,1050,2260,2240,2360,2530,2710,2940,3120,3290,3510,3760
"GNI per capita, PPP (current international $)",NY.GNP.PCAP.PP.CD,Cameroon,CMR,1870,1940,2770,2810,2840,2940,3030,3150,3340,3450,3540,3640
"GNI per capita, PPP (current international $)",NY.GNP.PCAP.PP.CD,Canada,CAN,19380,28420,39680,38120,39230,40780,41400,43430,44780,43960,44230,45750
"GNI per capita, PPP (current international $)",NY.GNP.PCAP.PP.CD,Cayman Islands,CYM,..,..,..,..,..,..,..,..,..,..,..,..
"GNI per capita, PPP (current international $)",NY.GNP.PCAP.PP.CD,Central African Republic,CAF,590,640,820,830,870,910,960,620,630,660,690,730
"GNI per capita, PPP (current international $)",NY.GNP.PCAP.PP.CD,Chad,TCD,710,780,1400,1630,1820,1820,1950,1980,2090,2130,1990,1920
"GNI per capita, PPP (current international $)",NY.GNP.PCAP.PP.CD,Channel Islands,CHI,..,..,..,..,..,..,..,..,..,..,..,..
"GNI per capita, PPP (current international $)",NY.GNP.PCAP.PP.CD,Chile,CHL,4270,9240,15270,15110,16970,19190,20580,21590,22210,22060,22540,23150
"GNI per capita, PPP (current international $)",NY.GNP.PCAP.PP.CD,China,CHN,990,2900,7680,8360,9290,10290,11320,12270,13460,14400,15480,16760
"GNI per capita, PPP (current international $)",NY.GNP.PCAP.PP.CD,Colombia,COL,4620,6440,9740,9890,10260,10970,11570,12250,12950,13560,14030,14170
"GNI per capita, PPP (current international $)",NY.GNP.PCAP.PP.CD,Comoros,COM,1030,1180,1360,1370,1380,1410,1440,1490,1510,1510,1540,1570
"GNI per capita, PPP (current international $)",NY.GNP.PCAP.PP.CD,"Congo, Dem. Rep.",COD,820,450,570,590,620,650,680,700,760,800,850,870
"GNI per capita, PPP (current international $)",NY.GNP.PCAP.PP.CD,"Congo, Rep.",COG,2760,2510,3360,3460,3820,3870,4140,4320,4830,5840,5330,4880
"GNI per capita, PPP (current international $)",NY.GNP.PCAP.PP.CD,Costa Rica,CRI,4860,7460,12090,11740,12320,12940,13680,13980,14540,15020,15660,16100
"GNI per capita, PPP (current international $)",NY.GNP.PCAP.PP.CD,Cote d'Ivoire,CIV,1760,2120,2470,2510,2540,2410,2670,2850,3140,3350,3590,3820
"GNI per capita, PPP (current international $)",NY.GNP.PCAP.PP.CD,Croatia,HRV,..,10550,19690,18820,18700,20180,20530,21340,21620,22580,22940,24700
"GNI per capita, PPP (current international $)",NY.GNP.PCAP.PP.CD,Cuba,CUB,..,..,..,..,..,..,..,..,..,..,..,..
"GNI per capita, PPP (current international $)",NY.GNP.PCAP.PP.CD,Curacao,CUW,..,..,..,..,..,..,..,..,..,..,..,..
"GNI per capita, PPP (current international $)",NY.GNP.PCAP.PP.CD,Cyprus,CYP,13390,20550,34110,33440,32260,33190,30930,29190,29270,31730,32370,33609.4893636795
"GNI per capita, PPP (current international $)",NY.GNP.PCAP.PP.CD,Czech Republic,CZE,..,15850,25980,25600,25550,26620,27250,28670,30080,31210,32530,35010
"GNI per capita, PPP (current international $)",NY.GNP.PCAP.PP.CD,Denmark,DNK,17740,28070,41740,40730,43750,45340,45820,48210,49640,50190,50270,51560
"GNI per capita, PPP (current international $)",NY.GNP.PCAP.PP.CD,Djibouti,DJI,..,..,..,..,..,..,..,..,..,..,..,..
"GNI per capita, PPP (current international $)",NY.GNP.PCAP.PP.CD,Dominica,DMA,4220,5720,9500,9560,9800,9920,9970,9820,10450,10240,10620,10170
"GNI per capita, PPP (current international $)",NY.GNP.PCAP.PP.CD,Dominican Republic,DOM,3380,6140,9680,9720,10510,10880,11240,11600,12520,13490,14340,15290
"GNI per capita, PPP (current international $)",NY.GNP.PCAP.PP.CD,Ecuador,ECU,4450,5400,8710,8710,9030,9770,10360,10880,11310,11250,11030,11350
"GNI per capita, PPP (current international $)",NY.GNP.PCAP.PP.CD,"Egypt, Arab Rep.",EGY,3720,5910,9010,9260,9470,9570,9770,9900,10160,10570,10980,11360
"GNI per capita, PPP (current international $)",NY.GNP.PCAP.PP.CD,El Salvador,SLV,2850,4900,7150,6850,6990,7230,7270,7470,7720,8050,8260,7540
"GNI per capita, PPP (current international $)",NY.GNP.PCAP.PP.CD,Equatorial Guinea,GNQ,690,5530,28490,24800,19400,22230,24060,23160,22590,22130,20280,19380
"GNI per capita, PPP (current international $)",NY.GNP.PCAP.PP.CD,Eritrea,ERI,..,1330,1320,1350,1370,1500,..,..,..,..,..,..
"GNI per capita, PPP (current international $)",NY.GNP.PCAP.PP.CD,Estonia,EST,..,9070,21470,19870,20460,23310,24970,26860,27780,28090,29160,31000
"GNI per capita, PPP (current international $)",NY.GNP.PCAP.PP.CD,Ethiopia,ETH,420,490,890,950,1050,1160,1250,1370,1500,1630,1730,1890
"GNI per capita, PPP (current international $)",NY.GNP.PCAP.PP.CD,Faroe Islands,FRO,..,..,..,..,..,..,..,..,..,..,..,..
"GNI per capita, PPP (current international $)",NY.GNP.PCAP.PP.CD,Fiji,FJI,3670,5390,6920,6950,6980,7260,7390,7950,8200,8660,8770,9090
"GNI per capita, PPP (current international $)",NY.GNP.PCAP.PP.CD,Finland,FIN,17840,26580,40040,38310,39300,40870,40830,41430,41850,42450,43720,45730
"GNI per capita, PPP (current international $)",NY.GNP.PCAP.PP.CD,France,FRA,17730,26700,35910,35350,36730,38320,38180,40040,40680,41100,42020,43720
"GNI per capita, PPP (current international $)",NY.GNP.PCAP.PP.CD,French Polynesia,PYF,..,..,..,..,..,..,..,..,..,..,..,..
"GNI per capita, PPP (current international $)",NY.GNP.PCAP.PP.CD,Gabon,GAB,11300,11930,12640,12720,13070,13710,14820,15420,16660,16440,16670,17010
"GNI per capita, PPP (current international $)",NY.GNP.PCAP.PP.CD,"Gambia, The",GMB,900,1180,1440,1490,1560,1470,1540,1600,1590,1620,1630,1670
"GNI per capita, PPP (current international $)",NY.GNP.PCAP.PP.CD,Georgia,GEO,5170,2690,6070,5990,6390,7100,7950,8380,9130,9350,9510,10120
"GNI per capita, PPP (current international $)",NY.GNP.PCAP.PP.CD,Germany,DEU,19750,27110,38400,37870,40000,43770,44590,46250,48020,48690,49770,51760
"GNI per capita, PPP (current international $)",NY.GNP.PCAP.PP.CD,Ghana,GHA,1220,1740,2720,2800,2950,3300,3510,3830,3890,4110,4190,4490
"GNI per capita, PPP (current international $)",NY.GNP.PCAP.PP.CD,Gibraltar,GIB,..,..,..,..,..,..,..,..,..,..,..,..
"GNI per capita, PPP (current international $)",NY.GNP.PCAP.PP.CD,Greece,GRC,13590,19650,29940,29690,27600,25430,25450,26070,27020,26820,26910,27820
"GNI per capita, PPP (current international $)",NY.GNP.PCAP.PP.CD,Greenland,GRL,..,..,..,..,..,..,..,..,..,..,..,..
"GNI per capita, PPP (current international $)",NY.GNP.PCAP.PP.CD,Grenada,GRD,4480,7150,11040,10020,10390,10760,10770,11250,12220,13130,13720,14410
"GNI per capita, PPP (current international $)",NY.GNP.PCAP.PP.CD,Guam,GUM,..,..,..,..,..,..,..,..,..,..,..,..
"GNI per capita, PPP (current international $)",NY.GNP.PCAP.PP.CD,Guatemala,GTM,3230,4760,6330,6260,6380,6610,6850,7080,7330,7570,7760,8000
"GNI per capita, PPP (current international $)",NY.GNP.PCAP.PP.CD,Guinea,GIN,860,1100,1410,1370,1440,1520,1620,1680,1730,1770,1920,2270
"GNI per capita, PPP (current international $)",NY.GNP.PCAP.PP.CD,Guinea-Bissau,GNB,970,1040,1290,1310,1370,1480,1450,1440,1530,1580,1660,1700
"GNI per capita, PPP (current international $)",NY.GNP.PCAP.PP.CD,Guyana,GUY,1270,3320,5250,5400,5760,6110,6590,6860,7210,7490,7830,8120
"GNI per capita, PPP (current international $)",NY.GNP.PCAP.PP.CD,Haiti,HTI,..,1380,1530,1560,1480,1570,1630,1690,1750,1770,1810,1830
"GNI per capita, PPP (current international $)",NY.GNP.PCAP.PP.CD,Honduras,HND,1880,2560,3780,3610,3710,3820,3920,4000,4090,4280,4420,4630
"GNI per capita, PPP (current international $)",NY.GNP.PCAP.PP.CD,"Hong Kong SAR, China",HKG,16950,27180,47440,45250,48130,51450,52050,54550,56760,58120,60160,64100
"GNI per capita, PPP (current international $)",NY.GNP.PCAP.PP.CD,Hungary,HUN,..,11280,19330,19620,20450,21670,22080,23730,24310,24680,25210,27220
"GNI per capita, PPP (current international $)",NY.GNP.PCAP.PP.CD,Iceland,ISL,21490,28670,34050,33590,32200,34550,36690,42100,43500,46380,49550,53640
"GNI per capita, PPP (current international $)",NY.GNP.PCAP.PP.CD,India,IND,1120,1960,3620,3900,4270,4600,4860,5190,5610,6060,6500,7060
"GNI per capita, PPP (current international $)",NY.GNP.PCAP.PP.CD,Indonesia,IDN,2840,4300,7220,7510,8040,8590,9160,9680,10180,10670,11240,11900
"GNI per capita, PPP (current international $)",NY.GNP.PCAP.PP.CD,"Iran, Islamic Rep.",IRN,7390,10400,16570,16610,17580,18190,17050,17070,17880,17620,20010,21010
"GNI per capita, PPP (current international $)",NY.GNP.PCAP.PP.CD,Iraq,IRQ,7340,9590,12360,12240,12600,13250,14970,15690,15560,15930,17370,17010
"GNI per capita, PPP (current international $)",NY.GNP.PCAP.PP.CD,Ireland,IRL,12770,26300,38330,34690,36150,36960,37930,40840,43480,54230,59000,62440
"GNI per capita, PPP (current international $)",NY.GNP.PCAP.PP.CD,Isle of Man,IMN,..,..,..,..,..,..,..,..,..,..,..,..
"GNI per capita, PPP (current international $)",NY.GNP.PCAP.PP.CD,Israel,ISR,14510,23380,26870,26830,28280,30160,30930,33470,33840,35580,36810,38060
"GNI per capita, PPP (current international $)",NY.GNP.PCAP.PP.CD,Italy,ITA,18330,26920,35080,34490,34970,36250,36190,36070,36070,36440,38470,40030
"GNI per capita, PPP (current international $)",NY.GNP.PCAP.PP.CD,Jamaica,JAM,4260,6050,7890,7450,7550,7840,8050,8110,8300,8350,8450,8690
"GNI per capita, PPP (current international $)",NY.GNP.PCAP.PP.CD,Japan,JPN,19620,27220,35710,34000,35900,36790,38190,40280,40590,42270,43630,45470
"GNI per capita, PPP (current international $)",NY.GNP.PCAP.PP.CD,Jordan,JOR,3850,5800,9510,9590,9210,9130,9010,8970,8980,8940,8980,9110
"GNI per capita, PPP (current international $)",NY.GNP.PCAP.PP.CD,Kazakhstan,KAZ,..,7350,15830,16370,17110,18210,19370,21250,22310,23550,22900,23440
"GNI per capita, PPP (current international $)",NY.GNP.PCAP.PP.CD,Kenya,KEN,1470,1670,2240,2270,2420,2560,2640,2750,2860,2990,3130,3250
"GNI per capita, PPP (current international $)",NY.GNP.PCAP.PP.CD,Kiribati,KIR,1540,2590,2520,2400,2470,2340,2600,2980,3600,4340,3760,3850
"GNI per capita, PPP (current international $)",NY.GNP.PCAP.PP.CD,"Korea, Dem. People’s Rep.",PRK,..,..,..,..,..,..,..,..,..,..,..,..
"GNI per capita, PPP (current international $)",NY.GNP.PCAP.PP.CD,"Korea, Rep.",KOR,8260,17950,28650,28250,30410,31410,32430,32850,33690,35300,36730,38260
"GNI per capita, PPP (current international $)",NY.GNP.PCAP.PP.CD,Kosovo,XKX,..,..,7530,7580,7860,8410,8800,9090,9350,9900,10330,11050
"GNI per capita, PPP (current international $)",NY.GNP.PCAP.PP.CD,Kuwait,KWT,..,65260,96570,86320,79080,82080,84810,82500,81790,81000,83150,83310
"GNI per capita, PPP (current international $)",NY.GNP.PCAP.PP.CD,Kyrgyz Republic,KGZ,2250,1550,2570,2640,2560,2610,2850,3040,3210,3310,3380,3620
"GNI per capita, PPP (current international $)",NY.GNP.PCAP.PP.CD,Lao PDR,LAO,1100,1890,3420,3710,3870,4190,4590,5010,5470,5860,6270,6650
"GNI per capita, PPP (current international $)",NY.GNP.PCAP.PP.CD,Latvia,LVA,..,8010,19180,18060,17800,19770,21110,22670,23790,24400,25530,27400
"GNI per capita, PPP (current international $)",NY.GNP.PCAP.PP.CD,Lebanon,LBN,6190,10120,14230,15190,15910,15600,15260,14830,14390,14040,14050,14690
"GNI per capita, PPP (current international $)",NY.GNP.PCAP.PP.CD,Lesotho,LSO,1430,1800,2860,2830,2940,2960,3080,3100,3120,3210,3340,3510
"GNI per capita, PPP (current international $)",NY.GNP.PCAP.PP.CD,Liberia,LBR,..,540,530,580,590,680,670,720,710,720,700,710
"GNI per capita, PPP (current international $)",NY.GNP.PCAP.PP.CD,Libya,LBY,..,..,28070,27770,29020,11210,24820,22180,17490,16450,15780,19940
"GNI per capita, PPP (current international $)",NY.GNP.PCAP.PP.CD,Liechtenstein,LIE,..,..,..,..,..,..,..,..,..,..,..,..
"GNI per capita, PPP (current international $)",NY.GNP.PCAP.PP.CD,Lithuania,LTU,..,8300,20040,18480,19740,22020,23910,25970,27810,27610,28680,31030
"GNI per capita, PPP (current international $)",NY.GNP.PCAP.PP.CD,Luxembourg,LUX,28830,49170,71800,55870,61980,64050,63710,63840,65770,67970,69640,72640
"GNI per capita, PPP (current international $)",NY.GNP.PCAP.PP.CD,"Macao SAR, China",MAC,..,30870,69530,70380,85790,101000,107980,117970,118020,98320,96570,..
"GNI per capita, PPP (current international $)",NY.GNP.PCAP.PP.CD,"Macedonia, FYR",MKD,5190,6010,10290,10830,11130,11400,11580,12360,13120,13330,14150,14590
"GNI per capita, PPP (current international $)",NY.GNP.PCAP.PP.CD,Madagascar,MDG,1030,1120,1460,1360,1340,1350,1350,1370,1400,1410,1440,1510
"GNI per capita, PPP (current international $)",NY.GNP.PCAP.PP.CD,Malawi,MWI,470,670,910,960,1000,1040,1040,1070,1120,1120,1140,1180
"GNI per capita, PPP (current international $)",NY.GNP.PCAP.PP.CD,Malaysia,MYS,6530,11880,19280,18980,20020,21300,22160,23230,24640,25880,26900,28650
"GNI per capita, PPP (current international $)",NY.GNP.PCAP.PP.CD,Maldives,MDV,..,7370,10720,9930,10350,11320,11640,12100,13080,13380,14070,15350
"GNI per capita, PPP (current international $)",NY.GNP.PCAP.PP.CD,Mali,MLI,820,1150,1700,1730,1760,1810,1760,1800,1910,2000,2070,2160
"GNI per capita, PPP (current international $)",NY.GNP.PCAP.PP.CD,Malta,MLT,10040,19010,25530,24350,26380,27690,28240,29700,31700,34410,35230,36740
"GNI per capita, PPP (current international $)",NY.GNP.PCAP.PP.CD,Marshall Islands,MHL,..,3040,4070,4000,4120,4280,4270,4580,4930,5400,5370,5560
"GNI per capita, PPP (current international $)",NY.GNP.PCAP.PP.CD,Mauritania,MRT,1710,2200,3240,3200,3200,3270,3400,3580,3750,3690,3760,3900
"GNI per capita, PPP (current international $)",NY.GNP.PCAP.PP.CD,Mauritius,MUS,4730,8720,14470,14750,15800,16610,17470,18280,18740,19940,20990,22570
"GNI per capita, PPP (current international $)",NY.GNP.PCAP.PP.CD,Mexico,MEX,5840,10200,14520,14210,14910,15960,16420,16440,17130,16860,17160,17740
"GNI per capita, PPP (current international $)",NY.GNP.PCAP.PP.CD,"Micronesia, Fed. Sts.",FSM,..,2540,3130,3300,3350,3520,3570,3590,3560,4140,4090,4210
"GNI per capita, PPP (current international $)",NY.GNP.PCAP.PP.CD,Moldova,MDA,..,1870,4090,3730,4150,4520,4700,5210,5540,5410,5720,6060
"GNI per capita, PPP (current international $)",NY.GNP.PCAP.PP.CD,Monaco,MCO,..,..,..,..,..,..,..,..,..,..,..,..
"GNI per capita, PPP (current international $)",NY.GNP.PCAP.PP.CD,Mongolia,MNG,3250,3670,7050,6830,6940,8150,9200,10470,10980,11160,11420,11170
"GNI per capita, PPP (current international $)",NY.GNP.PCAP.PP.CD,Montenegro,MNE,..,6310,14020,13050,13550,14590,14100,15160,15580,16690,17870,19150
"GNI per capita, PPP (current international $)",NY.GNP.PCAP.PP.CD,Morocco,MAR,2460,3480,5850,6000,6230,6580,6780,7140,7300,7670,7710,8062.65426059905
"GNI per capita, PPP (current international $)",NY.GNP.PCAP.PP.CD,Mozambique,MOZ,240,430,780,840,870,940,1010,1070,1120,1170,1190,1200
"GNI per capita, PPP (current international $)",NY.GNP.PCAP.PP.CD,Myanmar,MMR,480,1040,2990,3310,3650,3900,4060,4460,4780,5160,5530,5830
"GNI per capita, PPP (current international $)",NY.GNP.PCAP.PP.CD,Namibia,NAM,3750,4880,7760,7710,7970,8490,8770,9510,10110,10570,10360,10320
"GNI per capita, PPP (current international $)",NY.GNP.PCAP.PP.CD,Nauru,NRU,..,..,5560,6680,7520,8160,9650,12750,15790,16190,17510,17960
"GNI per capita, PPP (current international $)",NY.GNP.PCAP.PP.CD,Nepal,NPL,780,1220,1790,1880,1960,2040,2160,2260,2430,2500,2520,2710
"GNI per capita, PPP (current international $)",NY.GNP.PCAP.PP.CD,Netherlands,NLD,18730,32100,44990,44080,44900,46910,47670,49350,48480,49250,49930,52640
"GNI per capita, PPP (current international $)",NY.GNP.PCAP.PP.CD,New Caledonia,NCL,..,..,..,..,..,..,..,..,..,..,..,..
"GNI per capita, PPP (current international $)",NY.GNP.PCAP.PP.CD,New Zealand,NZL,14250,20290,27700,29440,29710,31250,31610,34740,35730,36090,37190,39560
"GNI per capita, PPP (current international $)",NY.GNP.PCAP.PP.CD,Nicaragua,NIC,1900,2630,3930,3780,3940,4230,4530,4770,5040,5330,5550,5680
"GNI per capita, PPP (current international $)",NY.GNP.PCAP.PP.CD,Niger,NER,560,590,780,750,790,800,860,880,940,950,970,990
"GNI per capita, PPP (current international $)",NY.GNP.PCAP.PP.CD,Nigeria,NGA,1780,1960,4200,4340,4780,4970,5180,5390,5780,5880,5740,5680
"GNI per capita, PPP (current international $)",NY.GNP.PCAP.PP.CD,Northern Mariana Islands,MNP,..,..,..,..,..,..,..,..,..,..,..,..
"GNI per capita, PPP (current international $)",NY.GNP.PCAP.PP.CD,Norway,NOR,17930,36460,61400,55700,58560,62640,65920,67770,68100,64280,61640,63530
"GNI per capita, PPP (current international $)",NY.GNP.PCAP.PP.CD,Oman,OMN,22060,33500,41210,41510,41710,39560,41270,41610,40220,41600,41750,40240
"GNI per capita, PPP (current international $)",NY.GNP.PCAP.PP.CD,Pakistan,PAK,2060,2740,4190,4280,4360,4500,4680,4860,5090,5310,5560,5830
"GNI per capita, PPP (current international $)",NY.GNP.PCAP.PP.CD,Palau,PLW,..,9070,11590,11660,11520,12500,12940,12540,13170,14000,14330,13950
"GNI per capita, PPP (current international $)",NY.GNP.PCAP.PP.CD,Panama,PAN,4900,8090,13590,13560,13910,16080,17550,18560,19710,19500,20160,21890
"GNI per capita, PPP (current international $)",NY.GNP.PCAP.PP.CD,Papua New Guinea,PNG,1480,2040,2580,2720,2880,2960,3090,3210,3750,3890,3960,4040
"GNI per capita, PPP (current international $)",NY.GNP.PCAP.PP.CD,Paraguay,PRY,..,4170,6220,5850,6640,7120,6940,8020,8510,8690,9050,9180
"GNI per capita, PPP (current international $)",NY.GNP.PCAP.PP.CD,Peru,PER,3220,5090,8340,8450,9040,9670,10450,11250,11610,12100,12490,12890
"GNI per capita, PPP (current international $)",NY.GNP.PCAP.PP.CD,Philippines,PHL,2550,3920,5990,6210,6610,6840,7350,7930,8410,8850,9390,10030
"GNI per capita, PPP (current international $)",NY.GNP.PCAP.PP.CD,Poland,POL,..,10610,17970,18700,20380,22110,23090,23970,24730,25690,26300,28170
"GNI per capita, PPP (current international $)",NY.GNP.PCAP.PP.CD,Portugal,PRT,11770,18520,25590,25500,26420,26260,25810,27520,28250,28720,29920,31490
"GNI per capita, PPP (current international $)",NY.GNP.PCAP.PP.CD,Puerto Rico,PRI,10150,16500,22120,21650,21720,22390,23640,24310,24810,25350,25240,..
"GNI per capita, PPP (current international $)",NY.GNP.PCAP.PP.CD,Qatar,QAT,..,..,108270,102410,109930,119120,119330,120290,121580,124760,126550,128060
"GNI per capita, PPP (current international $)",NY.GNP.PCAP.PP.CD,Romania,ROU,5240,5840,16310,16240,16770,17700,18660,19430,20350,21060,22440,25150
"GNI per capita, PPP (current international $)",NY.GNP.PCAP.PP.CD,Russian Federation,RUS,8000,6650,19600,18760,19860,23600,25000,25330,24950,24060,24130,24893.3603134085
"GNI per capita, PPP (current international $)",NY.GNP.PCAP.PP.CD,Rwanda,RWA,560,620,1210,1260,1330,1420,1530,1580,1680,1800,1880,1990
"GNI per capita, PPP (current international $)",NY.GNP.PCAP.PP.CD,Samoa,WSM,..,3430,5130,4970,5140,5460,5480,5450,5590,5800,6230,6390
"GNI per capita, PPP (current international $)",NY.GNP.PCAP.PP.CD,San Marino,SMR,..,..,..,..,..,..,..,..,..,..,..,..
"GNI per capita, PPP (current international $)",NY.GNP.PCAP.PP.CD,Sao Tome and Principe,STP,..,..,2430,2450,2600,2700,2720,2910,3110,3130,3250,3370
"GNI per capita, PPP (current international $)",NY.GNP.PCAP.PP.CD,Saudi Arabia,SAU,28490,34300,45630,43920,45100,49220,51240,52020,53570,55380,55840,54770
"GNI per capita, PPP (current international $)",NY.GNP.PCAP.PP.CD,Senegal,SEN,1150,1490,2070,2060,2110,2120,2180,2220,2280,2370,2480,2620
"GNI per capita, PPP (current international $)",NY.GNP.PCAP.PP.CD,Serbia,SRB,..,5730,11590,11640,11810,12670,12660,13190,13210,13210,13670,14040
"GNI per capita, PPP (current international $)",NY.GNP.PCAP.PP.CD,Seychelles,SYC,8860,13870,17630,17880,18840,20990,21730,23090,23950,24870,26030,26860
"GNI per capita, PPP (current international $)",NY.GNP.PCAP.PP.CD,Sierra Leone,SLE,720,700,1200,1230,1190,1230,1470,1700,1740,1380,1310,1480
"GNI per capita, PPP (current international $)",NY.GNP.PCAP.PP.CD,Singapore,SGP,21970,40730,60590,58800,70250,73260,74530,78540,83190,83760,84500,90570
"GNI per capita, PPP (current international $)",NY.GNP.PCAP.PP.CD,Sint Maarten (Dutch part),SXM,..,..,..,..,..,..,..,..,..,..,..,..
"GNI per capita, PPP (current international $)",NY.GNP.PCAP.PP.CD,Slovak Republic,SVK,..,11300,23250,22900,24430,24900,26140,27640,28560,28990,30030,31360
"GNI per capita, PPP (current international $)",NY.GNP.PCAP.PP.CD,Slovenia,SVN,..,18080,28940,27100,27510,28580,28640,29400,30570,30520,31810,33910
"GNI per capita, PPP (current international $)",NY.GNP.PCAP.PP.CD,Solomon Islands,SLB,830,1440,1560,1260,1340,1490,1890,2060,2110,2220,2210,2270
"GNI per capita, PPP (current international $)",NY.GNP.PCAP.PP.CD,Somalia,SOM,..,..,..,..,..,..,..,..,..,..,..,..
"GNI per capita, PPP (current international $)",NY.GNP.PCAP.PP.CD,South Africa,ZAF,6040,7380,11160,11050,11400,11810,12100,12440,12700,12850,12880,13090
"GNI per capita, PPP (current international $)",NY.GNP.PCAP.PP.CD,South Sudan,SSD,..,..,..,..,..,2130,1520,1870,1840,1830,1440,..
"GNI per capita, PPP (current international $)",NY.GNP.PCAP.PP.CD,Spain,ESP,13530,21450,32570,31790,31510,31510,31760,32430,33600,34740,36300,38090
"GNI per capita, PPP (current international $)",NY.GNP.PCAP.PP.CD,Sri Lanka,LKA,2320,4310,7240,7600,8270,9100,9980,10350,10960,11500,12010,12470
"GNI per capita, PPP (current international $)",NY.GNP.PCAP.PP.CD,St. Kitts and Nevis,KNA,9060,14840,21150,20430,20110,20950,21070,22510,23990,25000,25640,26300
"GNI per capita, PPP (current international $)",NY.GNP.PCAP.PP.CD,St. Lucia,LCA,6010,8170,11260,11610,11540,11950,11960,12520,12160,12440,12700,13230
"GNI per capita, PPP (current international $)",NY.GNP.PCAP.PP.CD,St. Martin (French part),MAF,..,..,..,..,..,..,..,..,..,..,..,..
"GNI per capita, PPP (current international $)",NY.GNP.PCAP.PP.CD,St. Vincent and the Grenadines,VCT,3440,5700,9750,9740,9540,9680,10140,10550,10860,11080,11380,11770
"GNI per capita, PPP (current international $)",NY.GNP.PCAP.PP.CD,Sudan,SDN,1040,1710,2970,2990,3040,3480,3820,2700,3990,4150,4290,4481.86802721856
"GNI per capita, PPP (current international $)",NY.GNP.PCAP.PP.CD,Suriname,SUR,6660,7700,12940,13230,13590,14010,14820,15550,15910,15640,14460,14290
"GNI per capita, PPP (current international $)",NY.GNP.PCAP.PP.CD,Swaziland,SWZ,3660,4720,6890,6790,6780,7280,7630,8220,8310,8340,8310,8520
"GNI per capita, PPP (current international $)",NY.GNP.PCAP.PP.CD,Sweden,SWE,19900,29280,43380,40670,42850,44720,45830,46720,47520,48510,49460,50840
"GNI per capita, PPP (current international $)",NY.GNP.PCAP.PP.CD,Switzerland,CHE,28170,38080,48960,52630,56090,56460,58880,61380,62170,65210,64480,65910
"GNI per capita, PPP (current international $)",NY.GNP.PCAP.PP.CD,Syrian Arab Republic,SYR,..,..,..,..,..,..,..,..,..,..,..,..
"GNI per capita, PPP (current international $)",NY.GNP.PCAP.PP.CD,Tajikistan,TJK,2360,900,1890,1930,2550,2820,3020,3340,3320,3360,3500,3670
"GNI per capita, PPP (current international $)",NY.GNP.PCAP.PP.CD,Tanzania,TZA,910,1160,1890,1940,2030,2170,2240,2370,2500,2610,2760,2916.41920728093
"GNI per capita, PPP (current international $)",NY.GNP.PCAP.PP.CD,Thailand,THA,4240,7140,11810,11770,12660,13210,14040,14310,14850,15400,16140,17090
"GNI per capita, PPP (current international $)",NY.GNP.PCAP.PP.CD,Timor-Leste,TLS,..,3480,7060,6950,7250,7860,6630,6620,5460,7120,7110,6330
"GNI per capita, PPP (current international $)",NY.GNP.PCAP.PP.CD,Togo,TGO,860,990,1010,1020,1030,1050,1090,1110,1250,1490,1550,1620
"GNI per capita, PPP (current international $)",NY.GNP.PCAP.PP.CD,Tonga,TON,2370,3630,4660,4830,5040,5250,5380,5250,5340,5580,5780,6050
"GNI per capita, PPP (current international $)",NY.GNP.PCAP.PP.CD,Trinidad and Tobago,TTO,7300,13400,29340,27870,29140,27260,29050,30580,30760,33240,31420,30520
"GNI per capita, PPP (current international $)",NY.GNP.PCAP.PP.CD,Tunisia,TUN,3510,5740,9050,9400,9750,9640,10150,10460,10940,11110,11160,11490
"GNI per capita, PPP (current international $)",NY.GNP.PCAP.PP.CD,Turkey,TUR,6040,9440,15890,15300,17300,19490,20480,22110,23820,24570,24980,27550
"GNI per capita, PPP (current international $)",NY.GNP.PCAP.PP.CD,Turkmenistan,TKM,..,3970,8040,8400,8920,10130,11280,12500,13740,15030,16430,17320
"GNI per capita, PPP (current international $)",NY.GNP.PCAP.PP.CD,Turks and Caicos Islands,TCA,..,..,..,..,..,..,..,..,..,..,..,..
"GNI per capita, PPP (current international $)",NY.GNP.PCAP.PP.CD,Tuvalu,TUV,..,..,5110,5240,4680,4750,4050,5030,4440,5710,5720,5780
"GNI per capita, PPP (current international $)",NY.GNP.PCAP.PP.CD,Uganda,UGA,490,820,1360,1410,1460,1580,1610,1630,1690,1740,1780,1820
"GNI per capita, PPP (current international $)",NY.GNP.PCAP.PP.CD,Ukraine,UKR,6920,3690,8320,7090,7550,8090,8330,8480,8580,7850,8190,8899.76134106837
"GNI per capita, PPP (current international $)",NY.GNP.PCAP.PP.CD,United Arab Emirates,ARE,..,..,69330,59430,56070,58420,60600,64150,67480,71200,71750,74410
"GNI per capita, PPP (current international $)",NY.GNP.PCAP.PP.CD,United Kingdom,GBR,16990,26220,36190,34480,36170,36900,37430,38780,39860,40660,41640,43160
"GNI per capita, PPP (current international $)",NY.GNP.PCAP.PP.CD,United States,USA,23730,36930,48640,47250,48880,50710,52850,53990,56150,57880,58650,60200
"GNI per capita, PPP (current international $)",NY.GNP.PCAP.PP.CD,Uruguay,URY,6130,10180,14270,14890,16110,17300,18250,19290,20180,20530,21030,21870
"GNI per capita, PPP (current international $)",NY.GNP.PCAP.PP.CD,Uzbekistan,UZB,..,1950,3840,3990,4280,4650,5070,5540,5920,6200,6640,7130
"GNI per capita, PPP (current international $)",NY.GNP.PCAP.PP.CD,Vanuatu,VUT,1690,2130,2830,2790,2790,2830,2770,2970,3050,2920,3050,3170
"GNI per capita, PPP (current international $)",NY.GNP.PCAP.PP.CD,"Venezuela, RB",VEN,9190,11290,17230,16370,16010,16550,17530,17700,17440,..,..,..
"GNI per capita, PPP (current international $)",NY.GNP.PCAP.PP.CD,Vietnam,VNM,880,2160,3740,3880,4150,4430,4710,4980,5280,5610,6040,6450
"GNI per capita, PPP (current international $)",NY.GNP.PCAP.PP.CD,Virgin Islands (U.S.),VIR,..,..,..,..,..,..,..,..,..,..,..,..
"GNI per capita, PPP (current international $)",NY.GNP.PCAP.PP.CD,West Bank and Gaza,PSE,..,3720,3820,4340,4360,4670,5310,5090,5080,5700,5830,5560
"GNI per capita, PPP (current international $)",NY.GNP.PCAP.PP.CD,"Yemen, Rep.",YEM,2140,2840,3770,3940,4130,3530,3690,3830,3730,2580,2380,..
"GNI per capita, PPP (current international $)",NY.GNP.PCAP.PP.CD,Zambia,ZMB,1380,1590,2550,2880,3000,3200,3530,3550,3750,3800,3850,3920
"GNI per capita, PPP (current international $)",NY.GNP.PCAP.PP.CD,Zimbabwe,ZWE,1630,1940,1050,1100,1240,1390,1610,1750,1790,1790,1810,1850
"GNI per capita, PPP (current international $)",NY.GNP.PCAP.PP.CD,Arab World,ARB,6933.97370843538,9376.16412168827,13767.2221799133,13589.9505940596,13942.7332812876,14310.2416493496,15193.7411816186,15453.2206864786,15895.2514804252,16366.5964045787,16794.064948643,16997.503538636
"GNI per capita, PPP (current international $)",NY.GNP.PCAP.PP.CD,Caribbean small states,CSS,5596.64927514979,8358.53869905514,13572.0796274796,13030.5229053673,13380.0093659573,13259.5151736251,14253.000207644,14702.4856579691,14924.2508286592,15516.0229965266,15173.4968850863,15217.9031388922
"GNI per capita, PPP (current international $)",NY.GNP.PCAP.PP.CD,Central Europe and the Baltics,CEB,..,9865.68315455253,18947.4527187431,19033.7344199208,20007.6005386224,21338.7266018995,22231.1583768013,23269.5765448489,24175.6669520771,24919.1778964529,25864.1974046718,27926.7534516015
"GNI per capita, PPP (current international $)",NY.GNP.PCAP.PP.CD,Early-demographic dividend,EAR,2625.55995683503,3947.23483102352,6320.6068870276,6434.76686749165,6859.38864074573,7271.13657002366,7605.24999864965,7956.96656440499,8371.04380127777,8725.90197090747,9153.07407873733,9691.22015590469
"GNI per capita, PPP (current international $)",NY.GNP.PCAP.PP.CD,East Asia & Pacific,EAS,3175.10885923215,5681.37930894097,10439.9058987629,10806.3978855274,11732.3457627755,12594.2457965871,13491.0353682035,14380.1898414067,15312.513635691,16135.571172587,17052.423472124,18184.1614279642
"GNI per capita, PPP (current international $)",NY.GNP.PCAP.PP.CD,East Asia & Pacific (excluding high income),EAP,1412.50458524275,3240.47770604576,7397.09574685223,7916.131679497,8703.80528185129,9518.36161041716,10375.541611106,11157.0138829121,12109.757053332,12887.582109371,13783.3252411062,14844.2539003813
"GNI per capita, PPP (current international $)",NY.GNP.PCAP.PP.CD,East Asia & Pacific (IDA & IBRD countries),TEA,1427.9247105714,3275.78811947552,7477.03936330787,8001.47593935039,8797.41535055742,9620.50480576304,10486.6213256579,11276.1650896797,12238.7584765641,13024.5224770873,13929.364468924,15001.0522966601
"GNI per capita, PPP (current international $)",NY.GNP.PCAP.PP.CD,Euro area,EMU,17009.5010709364,25327.9174764437,35617.6804581075,34915.6643334647,35983.0337437976,37606.2274123764,37999.2435543931,39182.3605166445,40056.3655816408,40810.356721356,42135.3419695687,43962.6141777095
"GNI per capita, PPP (current international $)",NY.GNP.PCAP.PP.CD,Europe & Central Asia,ECS,11466.5802561402,15790.7922473384,25357.379153736,24743.2074677631,25871.4757832643,27578.6888754767,28281.3616186128,29261.3497474506,29973.9460732131,30334.8604559989,31051.0135922047,32540.6443548826
"GNI per capita, PPP (current international $)",NY.GNP.PCAP.PP.CD,Europe & Central Asia (excluding high income),ECA,6394.09223208089,5940.85803096758,14300.2995678989,13800.7059359458,14781.5299923106,16780.0479273258,17691.930317273,18371.2127947072,18873.1644688309,18747.7848553129,19003.6549485589,20144.23633241
"GNI per capita, PPP (current international $)",NY.GNP.PCAP.PP.CD,Europe & Central Asia (IDA & IBRD countries),TEC,6346.96150230371,6398.3113330361,14674.0756488884,14276.6104991479,15303.3188141864,17270.0822681178,18179.9603925553,18874.8519777183,19393.4401933486,19365.108280122,19648.1263212525,20851.5463131604
"GNI per capita, PPP (current international $)",NY.GNP.PCAP.PP.CD,European Union,EUU,14894.8886869749,22540.9720679776,32773.1751534994,32096.6298677529,33282.0110178722,34750.7892110598,35267.5084019797,36455.1558606297,37373.0272533273,38163.786363058,39369.746925336,41206.9610562078
"GNI per capita, PPP (current international $)",NY.GNP.PCAP.PP.CD,Fragile and conflict affected situations,FCS,1779.7599863892,2357.86199479981,3406.21309488893,3494.01494061795,3644.76660790259,3434.11189815845,3846.20774224672,3866.01243444668,3992.64711521935,4054.64839130439,4220.41564170385,4328.04683164191
"GNI per capita, PPP (current international $)",NY.GNP.PCAP.PP.CD,Heavily indebted poor countries (HIPC),HPC,903.766400850961,1095.70025179005,1620.65896472876,1665.5548177089,1726.02181240359,1806.73939720355,1883.2047185644,1898.62389453334,2059.39000230407,2145.50331697104,2215.69212329524,2313.30743610554
"GNI per capita, PPP (current international $)",NY.GNP.PCAP.PP.CD,High income,HIC,17760.0310262804,27339.3231784977,37946.5298543995,36959.9063266755,38493.2619826021,40164.7546807216,41377.3530573339,42743.8440584127,43973.3156847151,45105.3941962794,46053.3520113595,47657.0309233828
"GNI per capita, PPP (current international $)",NY.GNP.PCAP.PP.CD,IBRD only,IBD,2740.74029039496,4288.10419140067,8228.799805513,8469.4464508289,9157.12134489471,9904.42388070196,10528.6389519594,11096.9166183756,11733.3714565024,12188.648728981,12786.2301259938,13602.0248196994
"GNI per capita, PPP (current international $)",NY.GNP.PCAP.PP.CD,IDA & IBRD total,IBT,2445.50481399768,3702.98012725746,6917.54743452536,7107.81822552789,7653.47707755351,8236.69490613164,8726.66463144333,9168.61503091435,9679.17149921729,10028.7002910876,10479.7255588483,11101.0147838452
"GNI per capita, PPP (current international $)",NY.GNP.PCAP.PP.CD,IDA blend,IDB,1869.6878970836,2257.40891417114,3829.88008416834,3927.18092774461,4159.02574984051,4339.55069028452,4531.91445064457,4737.74768703912,5021.56116771935,5187.29583140835,5273.20486069965,5395.89923574704
"GNI per capita, PPP (current international $)",NY.GNP.PCAP.PP.CD,IDA only,IDX,928.949612509672,1237.32219473264,1999.93864965334,2078.17988758748,2180.73877678885,2267.28519699924,2375.47982477339,2455.20643126873,2621.12238080039,2705.94924301125,2811.95428652472,2960.41714190124
"GNI per capita, PPP (current international $)",NY.GNP.PCAP.PP.CD,IDA total,IDA,1254.44566927325,1581.79425657547,2614.54163945328,2698.63109701078,2845.70770543501,2962.65218871824,3099.42508495044,3222.67870042022,3428.45406281517,3541.04102827474,3639.31523050239,3776.63834195678
"GNI per capita, PPP (current international $)",NY.GNP.PCAP.PP.CD,Late-demographic dividend,LTE,2770.14060841559,4627.77374403226,10025.7152913745,10386.1362812478,11299.4276410074,12417.7867597387,13363.5995070327,14183.2490359512,15069.4074209199,15696.4669723437,16443.487560474,17494.9304827962
"GNI per capita, PPP (current international $)",NY.GNP.PCAP.PP.CD,Latin America & Caribbean,LCN,5578.45115025078,8304.07197312743,12272.6811323307,12068.199727703,12885.3979958654,13698.2048593337,14205.3955562594,14689.0496773562,14986.5150555547,14875.4187822901,14864.1322319381,15272.9853187059
"GNI per capita, PPP (current international $)",NY.GNP.PCAP.PP.CD,Latin America & Caribbean (excluding high income),LAC,5457.33859438118,7886.38353484922,11594.9423269046,11469.2377350934,12196.694111835,12917.5826369817,13411.3351879807,13858.6922796474,14187.7186651181,14037.878601835,14040.0387334488,14378.821160083
"GNI per capita, PPP (current international $)",NY.GNP.PCAP.PP.CD,Latin America & the Caribbean (IDA & IBRD countries),TLA,5577.94462147895,8282.41213951853,12247.5225864713,12043.1449917815,12867.1564773649,13683.218696674,14181.8029615421,14665.1755009278,14961.9031770553,14845.4584470465,14834.4063883637,15237.1940225269
"GNI per capita, PPP (current international $)",NY.GNP.PCAP.PP.CD,Least developed countries: UN classification,LDC,815.418748092935,1103.3886515573,1871.79873249385,1960.88299657481,2051.50948588175,2129.16484283255,2219.87986770311,2287.18559846131,2442.80131424833,2514.5765388403,2600.53951999315,2723.09965305199
"GNI per capita, PPP (current international $)",NY.GNP.PCAP.PP.CD,Low & middle income,LMY,2364.00055794553,3549.07942558701,6699.55130299061,6899.87489793428,7427.1802413515,7991.67486317862,8479.21533237766,8915.17465895775,9430.5214222433,9780.09748604936,10237.7980971877,10848.2945596315
"GNI per capita, PPP (current international $)",NY.GNP.PCAP.PP.CD,Low income,LIC,907.015427242428,1054.20228724549,1496.49373419007,1557.25881557652,1640.15183277548,1679.60980406162,1759.30453937741,1850.1841837003,1931.12796915649,1938.14579761174,1984.30970819939,2087.58362478111
"GNI per capita, PPP (current international $)",NY.GNP.PCAP.PP.CD,Lower middle income,LMC,1724.50704386008,2470.77689162774,4323.32682108319,4517.16420631188,4841.24761423078,5136.11625090873,5413.73884681622,5703.42327473589,6071.09100255647,6418.18125842328,6764.35004726075,7191.17136610585
"GNI per capita, PPP (current international $)",NY.GNP.PCAP.PP.CD,Middle East & North Africa,MEA,7852.81228624279,10835.1701664485,15992.5597041081,15831.1134093597,16364.6957628097,16849.3356466823,17468.1382161107,17868.1562598634,18326.860469029,18742.8274773306,19612.7319724118,20007.4934184768
"GNI per capita, PPP (current international $)",NY.GNP.PCAP.PP.CD,Middle East & North Africa (excluding high income),MNA,5161.25813527174,7204.72060410456,10953.8571847664,11058.4412552155,11491.553406712,11405.4831638973,11719.8482672433,11880.8090403873,12131.8127865774,12211.5767856365,13078.4488612193,13526.3687025026
"GNI per capita, PPP (current international $)",NY.GNP.PCAP.PP.CD,Middle East & North Africa (IDA & IBRD countries),TMN,5187.88799059,7241.44516335363,11035.5257939915,11135.9700361208,11574.7345883111,11484.8598885983,11796.0690269112,11962.5561162623,12217.6720429117,12291.5563609438,13168.5867139415,13626.9974082162
"GNI per capita, PPP (current international $)",NY.GNP.PCAP.PP.CD,Middle income,MIC,2503.19778970484,3811.85851284807,7308.67602080719,7536.00542222968,8126.14171960699,8762.50934414205,9311.40632488998,9802.79227089727,10385.7194939423,10791.9821604799,11317.4956101686,12011.3233805855
"GNI per capita, PPP (current international $)",NY.GNP.PCAP.PP.CD,North America,NAC,23294.7959677534,36100.0974126981,47762.8165573536,46350.9866192414,47930.6034113776,49725.9228216206,51715.8949908171,52936.5507654817,55016.1258401774,56483.5108430234,57201.3871453435,58737.1935574591
"GNI per capita, PPP (current international $)",NY.GNP.PCAP.PP.CD,Not classified,INX,..,..,..,..,..,..,..,..,..,..,..,..
"GNI per capita, PPP (current international $)",NY.GNP.PCAP.PP.CD,OECD members,OED,16538.5721642689,25292.9538473877,34835.0651187543,33956.5973586817,35350.9528476938,36858.1508032751,37935.0053894662,39158.5255536637,40327.3656672632,41270.4211361584,42140.4315262548,43725.3538214971
"GNI per capita, PPP (current international $)",NY.GNP.PCAP.PP.CD,Other small states,OSS,..,..,18206.9356887409,17982.071951879,19109.0904096808,20912.836639833,21690.0810477003,22564.6501472304,23134.9265292511,24220.9099447201,24691.8005281235,25170.5118201723
"GNI per capita, PPP (current international $)",NY.GNP.PCAP.PP.CD,Pacific island small states,PSS,2577.28583906,3679.39228654058,4552.35461595054,4477.47304419844,4527.50086156729,4719.800772468,4874.5978871917,5171.39553204056,5344.94536114196,5635.72036940673,5696.7996322852,5874.38653193905
"GNI per capita, PPP (current international $)",NY.GNP.PCAP.PP.CD,Post-demographic dividend,PST,17764.8207224681,26965.866397478,37523.8340158514,36550.2298885252,38012.6759020701,39528.148331986,40678.9447703208,42012.1117079044,43218.7304567216,44231.7577729675,45214.8795034735,46880.0503265543
"GNI per capita, PPP (current international $)",NY.GNP.PCAP.PP.CD,Pre-demographic dividend,PRE,1450.94068348926,1705.1688814093,2781.1774713137,2845.41519484933,2989.51649101896,3100.25755223189,3260.29901966092,3338.83445090915,3537.86893527145,3629.95075517371,3690.80718657286,3714.7723562396
"GNI per capita, PPP (current international $)",NY.GNP.PCAP.PP.CD,Small states,SST,..,9611.36892411704,16402.5352048696,16143.4770395498,17069.1860622037,18417.6394724897,19223.8181349593,20005.7771601964,20509.973964536,21479.9797245073,21800.5922394642,22207.0180003812
"GNI per capita, PPP (current international $)",NY.GNP.PCAP.PP.CD,South Asia,SAS,1191.94700384179,1980.73224450779,3530.58833461745,3772.58255715453,4087.14884856622,4379.10496069922,4632.0631294143,4919.56879052883,5286.39599901173,5675.28059897275,6059.5985941458,6538.40864043476
"GNI per capita, PPP (current international $)",NY.GNP.PCAP.PP.CD,South Asia (IDA & IBRD),TSA,1191.94700384179,1980.73224450779,3530.58833461745,3772.58255715453,4087.14884856622,4379.10496069922,4632.0631294143,4919.56879052883,5286.39599901173,5675.28059897275,6059.5985941458,6538.40864043476
"GNI per capita, PPP (current international $)",NY.GNP.PCAP.PP.CD,Sub-Saharan Africa,SSF,1529.36278772654,1771.07193295223,2837.0202595246,2881.22638372288,3020.13152787261,3138.22591292717,3240.86824591825,3321.38141765244,3524.03648090102,3608.39893265672,3617.05569664688,3683.09312875292
"GNI per capita, PPP (current international $)",NY.GNP.PCAP.PP.CD,Sub-Saharan Africa (excluding high income),SSA,1528.36890701426,1769.6051325562,2835.47689098075,2879.6987831566,3018.51908957941,3136.49551103942,3239.10725446682,3319.51506268596,3522.13073758164,3606.42488832426,3615.00210403248,3681.00007198571
"GNI per capita, PPP (current international $)",NY.GNP.PCAP.PP.CD,Sub-Saharan Africa (IDA & IBRD countries),TSS,1529.36278772654,1771.07193295223,2837.0202595246,2881.22638372288,3020.13152787261,3138.22591292718,3240.86824591825,3321.38141765244,3524.03648090102,3608.39893265672,3617.05569664688,3683.09312875292
"GNI per capita, PPP (current international $)",NY.GNP.PCAP.PP.CD,Upper middle income,UMC,3226.59091320378,5161.29209798327,10531.5148429735,10820.4532216405,11728.7644705905,12770.9738739066,13651.4250825723,14399.7159600544,15257.1014484456,15761.3114718369,16524.0972960256,17558.8640144582
"GNI per capita, PPP (current international $)",NY.GNP.PCAP.PP.CD,World,WLD,5381.95115196456,7878.04857146952,12145.0764599169,12111.8196918231,12783.3900466625,13500.8381216459,14078.5710569096,14638.6953803851,15240.5996551452,15686.7264643554,16189.8317141753,16926.666769427
,,,,,,,,,,,,,,,
,,,,,,,,,,,,,,,
,,,,,,,,,,,,,,,
Data from database: World Development Indicators,,,,,,,,,,,,,,,
Last Updated: 06/28/2018,,,,,,,,,,,,,,,
